{
  "model": "transformer",
  "phase": 2,
  "n_params": 167428,
  "strategy": "all",
  "alpha": 0.7,
  "T": 1.5,
  "hard_label_pct": "70%",
  "soft_label_pct": "30%",
  "baseline_test_acc": 0.9177215189873418,
  "train_acc": 0.9104477611940298,
  "val_acc": 0.9367088607594937,
  "test_acc": 0.9113924050632911,
  "gain": -0.006329113924050667,
  "gain_pct": "-0.63pp",
  "best_epoch": 6,
  "time_min": 2.3791004101435345,
  "test_per_class": {
    "sit_on_bed": 0.9210526315789473,
    "sit_on_chair": 0.5555555555555556,
    "lying": 1.0,
    "ambulating": 0.2222222222222222
  },
  "test_confusion_matrix": [
    [
      35,
      1,
      0,
      2
    ],
    [
      3,
      5,
      1,
      0
    ],
    [
      0,
      0,
      102,
      0
    ],
    [
      7,
      0,
      0,
      2
    ]
  ],
  "train_per_class": {
    "sit_on_bed": 0.9428571428571428,
    "sit_on_chair": 0.2619047619047619,
    "lying": 1.0,
    "ambulating": 0.40476190476190477
  },
  "config": {
    "loss": "\u03b1\u00b7Focal(\u03b3=2.0)+(1-\u03b1)\u00b7T\u00b2\u00b7KL",
    "alpha": 0.7,
    "T": 1.5,
    "optimizer": "AdamW(lr=1e-4, wd=1e-4)",
    "scheduler": "CosineAnnealingWarmRestarts(T0=20,Tmult=2)",
    "batch_size": 64,
    "patience": 15,
    "max_epochs": 300,
    "grad_clip": 5.0,
    "seed": 42
  },
  "epoch_log": [
    {
      "epoch": 1,
      "train_loss": 0.4564261178472149,
      "train_acc": 0.8670284938132908,
      "val_acc": 0.930379746835443,
      "val_per_class": {
        "sit_on_bed": 0.9473684210526315,
        "sit_on_chair": 0.6666666666666666,
        "lying": 1.0,
        "ambulating": 0.3333333333333333
      },
      "lr": 9.938441702975689e-05
    },
    {
      "epoch": 2,
      "train_loss": 0.43959273254369946,
      "train_acc": 0.8900949794854691,
      "val_acc": 0.9177215189873418,
      "val_per_class": {
        "sit_on_bed": 0.9210526315789473,
        "sit_on_chair": 0.5555555555555556,
        "lying": 1.0,
        "ambulating": 0.3333333333333333
      },
      "lr": 9.755282581475769e-05
    },
    {
      "epoch": 3,
      "train_loss": 0.42332983526478307,
      "train_acc": 0.8928086850665803,
      "val_acc": 0.930379746835443,
      "val_per_class": {
        "sit_on_bed": 0.9473684210526315,
        "sit_on_chair": 0.6666666666666666,
        "lying": 1.0,
        "ambulating": 0.3333333333333333
      },
      "lr": 9.45503262094184e-05
    },
    {
      "epoch": 4,
      "train_loss": 0.429810999691729,
      "train_acc": 0.8887381273014736,
      "val_acc": 0.9240506329113924,
      "val_per_class": {
        "sit_on_bed": 0.9210526315789473,
        "sit_on_chair": 0.5555555555555556,
        "lying": 1.0,
        "ambulating": 0.4444444444444444
      },
      "lr": 9.045084971874738e-05
    },
    {
      "epoch": 5,
      "train_loss": 0.4415889523084322,
      "train_acc": 0.8955223878979521,
      "val_acc": 0.9240506329113924,
      "val_per_class": {
        "sit_on_bed": 0.9210526315789473,
        "sit_on_chair": 0.5555555555555556,
        "lying": 1.0,
        "ambulating": 0.4444444444444444
      },
      "lr": 8.535533905932738e-05
    },
    {
      "epoch": 6,
      "train_loss": 0.4248114190237493,
      "train_acc": 0.9050203525389228,
      "val_acc": 0.9367088607594937,
      "val_per_class": {
        "sit_on_bed": 0.9210526315789473,
        "sit_on_chair": 0.6666666666666666,
        "lying": 1.0,
        "ambulating": 0.5555555555555556
      },
      "lr": 7.938926261462366e-05
    },
    {
      "epoch": 7,
      "train_loss": 0.4284545160132477,
      "train_acc": 0.894165535875706,
      "val_acc": 0.9240506329113924,
      "val_per_class": {
        "sit_on_bed": 0.9210526315789473,
        "sit_on_chair": 0.5555555555555556,
        "lying": 1.0,
        "ambulating": 0.4444444444444444
      },
      "lr": 7.269952498697734e-05
    },
    {
      "epoch": 8,
      "train_loss": 0.42333767598487304,
      "train_acc": 0.9023066484944307,
      "val_acc": 0.9367088607594937,
      "val_per_class": {
        "sit_on_bed": 0.9210526315789473,
        "sit_on_chair": 0.6666666666666666,
        "lying": 1.0,
        "ambulating": 0.5555555555555556
      },
      "lr": 6.545084971874738e-05
    },
    {
      "epoch": 9,
      "train_loss": 0.4082600156317896,
      "train_acc": 0.9023066485753053,
      "val_acc": 0.930379746835443,
      "val_per_class": {
        "sit_on_bed": 0.9210526315789473,
        "sit_on_chair": 0.5555555555555556,
        "lying": 1.0,
        "ambulating": 0.5555555555555556
      },
      "lr": 5.782172325201155e-05
    },
    {
      "epoch": 10,
      "train_loss": 0.4153703041930697,
      "train_acc": 0.9063772047229182,
      "val_acc": 0.9367088607594937,
      "val_per_class": {
        "sit_on_bed": 0.9210526315789473,
        "sit_on_chair": 0.6666666666666666,
        "lying": 1.0,
        "ambulating": 0.5555555555555556
      },
      "lr": 5e-05
    },
    {
      "epoch": 11,
      "train_loss": 0.40732384096007174,
      "train_acc": 0.9009497976853048,
      "val_acc": 0.930379746835443,
      "val_per_class": {
        "sit_on_bed": 0.8947368421052632,
        "sit_on_chair": 0.6666666666666666,
        "lying": 1.0,
        "ambulating": 0.5555555555555556
      },
      "lr": 4.217827674798847e-05
    },
    {
      "epoch": 12,
      "train_loss": 0.41490118183306796,
      "train_acc": 0.8941655357948314,
      "val_acc": 0.930379746835443,
      "val_per_class": {
        "sit_on_bed": 0.8947368421052632,
        "sit_on_chair": 0.6666666666666666,
        "lying": 1.0,
        "ambulating": 0.5555555555555556
      },
      "lr": 3.4549150281252636e-05
    },
    {
      "epoch": 13,
      "train_loss": 0.41082623524128825,
      "train_acc": 0.9050203527006722,
      "val_acc": 0.9367088607594937,
      "val_per_class": {
        "sit_on_bed": 0.9210526315789473,
        "sit_on_chair": 0.6666666666666666,
        "lying": 1.0,
        "ambulating": 0.5555555555555556
      },
      "lr": 2.7300475013022663e-05
    },
    {
      "epoch": 14,
      "train_loss": 0.3936179126214787,
      "train_acc": 0.903663500435802,
      "val_acc": 0.9367088607594937,
      "val_per_class": {
        "sit_on_bed": 0.9210526315789473,
        "sit_on_chair": 0.6666666666666666,
        "lying": 1.0,
        "ambulating": 0.5555555555555556
      },
      "lr": 2.061073738537635e-05
    },
    {
      "epoch": 15,
      "train_loss": 0.4107029074487078,
      "train_acc": 0.9063772061786626,
      "val_acc": 0.9367088607594937,
      "val_per_class": {
        "sit_on_bed": 0.9210526315789473,
        "sit_on_chair": 0.6666666666666666,
        "lying": 1.0,
        "ambulating": 0.5555555555555556
      },
      "lr": 1.4644660940672627e-05
    },
    {
      "epoch": 16,
      "train_loss": 0.40654429287891053,
      "train_acc": 0.9009497963104351,
      "val_acc": 0.9367088607594937,
      "val_per_class": {
        "sit_on_bed": 0.9210526315789473,
        "sit_on_chair": 0.6666666666666666,
        "lying": 1.0,
        "ambulating": 0.5555555555555556
      },
      "lr": 9.549150281252633e-06
    },
    {
      "epoch": 17,
      "train_loss": 0.40517000459751246,
      "train_acc": 0.9023066483326813,
      "val_acc": 0.930379746835443,
      "val_per_class": {
        "sit_on_bed": 0.8947368421052632,
        "sit_on_chair": 0.6666666666666666,
        "lying": 1.0,
        "ambulating": 0.5555555555555556
      },
      "lr": 5.449673790581611e-06
    },
    {
      "epoch": 18,
      "train_loss": 0.4105069027907813,
      "train_acc": 0.9185888737318797,
      "val_acc": 0.930379746835443,
      "val_per_class": {
        "sit_on_bed": 0.8947368421052632,
        "sit_on_chair": 0.6666666666666666,
        "lying": 1.0,
        "ambulating": 0.5555555555555556
      },
      "lr": 2.4471741852423237e-06
    },
    {
      "epoch": 19,
      "train_loss": 0.40711565054902554,
      "train_acc": 0.898236092023319,