{
  "model": "cnnres",
  "phase": 2,
  "n_params": 144260,
  "strategy": "filtered",
  "alpha": 0.7,
  "T": 1.5,
  "hard_label_pct": "70%",
  "soft_label_pct": "30%",
  "baseline_test_acc": 0.879746835443038,
  "train_acc": 0.9145183175033921,
  "val_acc": 0.9113924050632911,
  "test_acc": 0.879746835443038,
  "gain": 0.0,
  "gain_pct": "+0.00pp",
  "best_epoch": 2,
  "time_min": 0.15299355189005534,
  "test_per_class": {
    "sit_on_bed": 0.868421052631579,
    "sit_on_chair": 0.4444444444444444,
    "lying": 0.9705882352941176,
    "ambulating": 0.3333333333333333
  },
  "test_confusion_matrix": [
    [
      33,
      1,
      3,
      1
    ],
    [
      4,
      4,
      1,
      0
    ],
    [
      2,
      1,
      99,
      0
    ],
    [
      6,
      0,
      0,
      3
    ]
  ],
  "train_per_class": {
    "sit_on_bed": 0.9428571428571428,
    "sit_on_chair": 0.30952380952380953,
    "lying": 1.0,
    "ambulating": 0.42857142857142855
  },
  "config": {
    "loss": "\u03b1\u00b7Focal(\u03b3=2.0)+(1-\u03b1)\u00b7T\u00b2\u00b7KL",
    "alpha": 0.7,
    "T": 1.5,
    "optimizer": "AdamW(lr=1e-4, wd=1e-4)",
    "scheduler": "CosineAnnealingWarmRestarts(T0=20,Tmult=2)",
    "batch_size": 64,
    "patience": 15,
    "max_epochs": 300,
    "grad_clip": 5.0,
    "seed": 42
  },
  "epoch_log": [
    {
      "epoch": 1,
      "train_loss": 0.4447172932741276,
      "train_acc": 0.9009497976853048,
      "val_acc": 0.9050632911392406,
      "val_per_class": {
        "sit_on_bed": 0.9210526315789473,
        "sit_on_chair": 0.4444444444444444,
        "lying": 1.0,
        "ambulating": 0.2222222222222222
      },
      "lr": 9.938441702975689e-05
    },
    {
      "epoch": 2,
      "train_loss": 0.4290159641685447,
      "train_acc": 0.899592944288189,
      "val_acc": 0.9113924050632911,
      "val_per_class": {
        "sit_on_bed": 0.9210526315789473,
        "sit_on_chair": 0.5555555555555556,
        "lying": 1.0,
        "ambulating": 0.2222222222222222
      },
      "lr": 9.755282581475769e-05
    },
    {
      "epoch": 3,
      "train_loss": 0.43030426015362166,
      "train_acc": 0.9063772048037929,
      "val_acc": 0.9113924050632911,
      "val_per_class": {
        "sit_on_bed": 0.9210526315789473,
        "sit_on_chair": 0.5555555555555556,
        "lying": 1.0,
        "ambulating": 0.2222222222222222
      },
      "lr": 9.45503262094184e-05
    },
    {
      "epoch": 4,
      "train_loss": 0.42136309493024765,
      "train_acc": 0.9077340582009087,
      "val_acc": 0.9113924050632911,
      "val_per_class": {
        "sit_on_bed": 0.9210526315789473,
        "sit_on_chair": 0.5555555555555556,
        "lying": 1.0,
        "ambulating": 0.2222222222222222
      },
      "lr": 9.045084971874738e-05
    },
    {
      "epoch": 5,
      "train_loss": 0.4370996157463079,
      "train_acc": 0.894165535875706,
      "val_acc": 0.9050632911392406,
      "val_per_class": {
        "sit_on_bed": 0.9210526315789473,
        "sit_on_chair": 0.4444444444444444,
        "lying": 1.0,
        "ambulating": 0.2222222222222222
      },
      "lr": 8.535533905932738e-05
    },
    {
      "epoch": 6,
      "train_loss": 0.41857233129977534,
      "train_acc": 0.9009497962295605,
      "val_acc": 0.9113924050632911,
      "val_per_class": {
        "sit_on_bed": 0.9210526315789473,
        "sit_on_chair": 0.5555555555555556,
        "lying": 1.0,
        "ambulating": 0.2222222222222222
      },
      "lr": 7.938926261462366e-05
    },
    {
      "epoch": 7,
      "train_loss": 0.422305056165646,
      "train_acc": 0.9118046131354013,
      "val_acc": 0.9050632911392406,
      "val_per_class": {
        "sit_on_bed": 0.8947368421052632,
        "sit_on_chair": 0.5555555555555556,
        "lying": 1.0,
        "ambulating": 0.2222222222222222
      },
      "lr": 7.269952498697734e-05
    },
    {
      "epoch": 8,
      "train_loss": 0.4144369170089913,
      "train_acc": 0.8914518329634595,
      "val_acc": 0.9050632911392406,
      "val_per_class": {
        "sit_on_bed": 0.8947368421052632,
        "sit_on_chair": 0.5555555555555556,
        "lying": 1.0,
        "ambulating": 0.2222222222222222
      },
      "lr": 6.545084971874738e-05
    },
    {
      "epoch": 9,
      "train_loss": 0.4089186870097467,
      "train_acc": 0.9104477623262754,
      "val_acc": 0.9113924050632911,
      "val_per_class": {
        "sit_on_bed": 0.9210526315789473,
        "sit_on_chair": 0.5555555555555556,
        "lying": 1.0,
        "ambulating": 0.2222222222222222
      },
      "lr": 5.782172325201155e-05
    },
    {
      "epoch": 10,
      "train_loss": 0.39936494439072007,
      "train_acc": 0.9050203525389228,
      "val_acc": 0.9113924050632911,
      "val_per_class": {
        "sit_on_bed": 0.9210526315789473,
        "sit_on_chair": 0.5555555555555556,
        "lying": 1.0,
        "ambulating": 0.2222222222222222
      },
      "lr": 5e-05
    },
    {
      "epoch": 11,
      "train_loss": 0.4055953726192666,
      "train_acc": 0.913161465238522,
      "val_acc": 0.9113924050632911,
      "val_per_class": {
        "sit_on_bed": 0.9210526315789473,
        "sit_on_chair": 0.5555555555555556,
        "lying": 1.0,
        "ambulating": 0.2222222222222222
      },
      "lr": 4.217827674798847e-05
    },
    {
      "epoch": 12,
      "train_loss": 0.4125563139993106,
      "train_acc": 0.898236092023319,
      "val_acc": 0.9050632911392406,
      "val_per_class": {
        "sit_on_bed": 0.8947368421052632,
        "sit_on_chair": 0.5555555555555556,
        "lying": 1.0,
        "ambulating": 0.2222222222222222
      },
      "lr": 3.4549150281252636e-05
    },
    {
      "epoch": 13,
      "train_loss": 0.4043053699558755,
      "train_acc": 0.911804614510271,
      "val_acc": 0.9113924050632911,
      "val_per_class": {
        "sit_on_bed": 0.9210526315789473,
        "sit_on_chair": 0.5555555555555556,
        "lying": 1.0,
        "ambulating": 0.2222222222222222
      },
      "lr": 2.7300475013022663e-05
    },
    {
      "epoch": 14,
      "train_loss": 0.3917139808229061,
      "train_acc": 0.9104477611131552,
      "val_acc": 0.9113924050632911,
      "val_per_class": {
        "sit_on_bed": 0.9210526315789473,
        "sit_on_chair": 0.5555555555555556,
        "lying": 1.0,
        "ambulating": 0.2222222222222222
      },
      "lr": 2.061073738537635e-05
    },
    {
      "epoch": 15,
      "train_loss": 0.3893277245590127,
      "train_acc": 0.9145183187165125,
      "val_acc": 0.9113924050632911,
      "val_per_class": {
        "sit_on_bed": 0.9210526315789473,
        "sit_on_chair": 0.5555555555555556,
        "lying": 1.0,
        "ambulating": 0.2222222222222222
      },
      "lr": 1.4644660940672627e-05
    },
    {
      "epoch": 16,
      "train_loss": 0.388320819170213,
      "train_acc": 0.9145183187973871,
      "val_acc": 0.9113924050632911,
      "val_per_class": {
        "sit_on_bed": 0.9210526315789473,
        "sit_on_chair": 0.5555555555555556,
        "lying": 1.0,
        "ambulating": 0.2222222222222222
      },
      "lr": 9.549150281252633e-06
    },
    {
      "epoch": 17,
      "train_loss": 0.40966803429893434,
      "train_acc": 0.8968792413759425,
      "val_acc": 0.9113924050632911,
      "val_per_class": {
        "sit_on_bed": 0.9210526315789473,
        "sit_on_chair": 0.5555555555555556,
        "lying": 1.0,
        "ambulating": 0.2222222222222222
      },
      "lr": 5.449673790581611e-06
    }
  ]
}