{
  "purecnn_all_a0.3_T1.5": {
    "model": "purecnn",
    "strategy": "all",
    "alpha": 0.3,
    "T": 1.5,
    "val_acc": 0.9367088607594937,
    "test_acc": 0.9113924050632911,
    "gain": 0.012692405063291057,
    "best_epoch": 1,
    "time_min": 0.23032575845718384
  },
  "purecnn_all_a0.3_T2.5": {
    "model": "purecnn",
    "strategy": "all",
    "alpha": 0.3,
    "T": 2.5,
    "val_acc": 0.930379746835443,
    "test_acc": 0.9113924050632911,
    "gain": 0.012692405063291057,
    "best_epoch": 1,
    "time_min": 0.2553222378094991
  },
  "purecnn_all_a0.3_T3.5": {
    "model": "purecnn",
    "strategy": "all",
    "alpha": 0.3,
    "T": 3.5,
    "val_acc": 0.930379746835443,
    "test_acc": 0.8987341772151899,
    "gain": 3.417721518983452e-05,
    "best_epoch": 1,
    "time_min": 0.22778777678807577
  },
  "purecnn_all_a0.5_T1.5": {
    "model": "purecnn",
    "strategy": "all",
    "alpha": 0.5,
    "T": 1.5,
    "val_acc": 0.9430379746835443,
    "test_acc": 0.9113924050632911,
    "gain": 0.012692405063291057,
    "best_epoch": 8,
    "time_min": 0.32061609824498494
  },
  "purecnn_all_a0.5_T2.5": {
    "model": "purecnn",
    "strategy": "all",
    "alpha": 0.5,
    "T": 2.5,
    "val_acc": 0.9430379746835443,
    "test_acc": 0.8987341772151899,
    "gain": 3.417721518983452e-05,
    "best_epoch": 1,
    "time_min": 0.21811655759811402
  },
  "purecnn_all_a0.5_T3.5": {
    "model": "purecnn",
    "strategy": "all",
    "alpha": 0.5,
    "T": 3.5,
    "val_acc": 0.9367088607594937,
    "test_acc": 0.9177215189873418,
    "gain": 0.019021518987341723,
    "best_epoch": 3,
    "time_min": 0.2825475414594015
  },
  "purecnn_all_a0.7_T1.5": {
    "model": "purecnn",
    "strategy": "all",
    "alpha": 0.7,
    "T": 1.5,
    "val_acc": 0.9430379746835443,
    "test_acc": 0.9113924050632911,
    "gain": 0.012692405063291057,
    "best_epoch": 1,
    "time_min": 0.25866082111994426
  },
  "purecnn_all_a0.7_T2.5": {
    "model": "purecnn",
    "strategy": "all",
    "alpha": 0.7,
    "T": 2.5,
    "val_acc": 0.9493670886075949,
    "test_acc": 0.9050632911392406,
    "gain": 0.006363291139240501,
    "best_epoch": 1,
    "time_min": 0.2738276759783427
  },
  "purecnn_all_a0.7_T3.5": {
    "model": "purecnn",
    "strategy": "all",
    "alpha": 0.7,
    "T": 3.5,
    "val_acc": 0.9367088607594937,
    "test_acc": 0.9113924050632911,
    "gain": 0.012692405063291057,
    "best_epoch": 4,
    "time_min": 0.345428200562795
  },
  "purecnn_filtered_a0.3_T1.5": {
    "model": "purecnn",
    "strategy": "filtered",
    "alpha": 0.3,
    "T": 1.5,
    "val_acc": 0.9367088607594937,
    "test_acc": 0.8987341772151899,
    "gain": 3.417721518983452e-05,
    "best_epoch": 1,
    "time_min": 0.2603941798210144
  },
  "purecnn_filtered_a0.3_T2.5": {
    "model": "purecnn",
    "strategy": "filtered",
    "alpha": 0.3,
    "T": 2.5,
    "val_acc": 0.9367088607594937,
    "test_acc": 0.9113924050632911,
    "gain": 0.012692405063291057,
    "best_epoch": 9,
    "time_min": 0.3633909225463867
  },
  "purecnn_filtered_a0.3_T3.5": {
    "model": "purecnn",
    "strategy": "filtered",
    "alpha": 0.3,
    "T": 3.5,
    "val_acc": 0.9240506329113924,
    "test_acc": 0.9050632911392406,
    "gain": 0.006363291139240501,
    "best_epoch": 1,
    "time_min": 0.20872691075007122
  },
  "purecnn_filtered_a0.5_T1.5": {
    "model": "purecnn",
    "strategy": "filtered",
    "alpha": 0.5,
    "T": 1.5,
    "val_acc": 0.9493670886075949,
    "test_acc": 0.8987341772151899,
    "gain": 3.417721518983452e-05,
    "best_epoch": 4,
    "time_min": 0.2589020848274231
  },
  "purecnn_filtered_a0.5_T2.5": {
    "model": "purecnn",
    "strategy": "filtered",
    "alpha": 0.5,
    "T": 2.5,
    "val_acc": 0.9367088607594937,
    "test_acc": 0.9050632911392406,
    "gain": 0.006363291139240501,
    "best_epoch": 4,
    "time_min": 0.259583322207133
  },
  "purecnn_filtered_a0.5_T3.5": {
    "model": "purecnn",
    "strategy": "filtered",
    "alpha": 0.5,
    "T": 3.5,
    "val_acc": 0.930379746835443,
    "test_acc": 0.9177215189873418,
    "gain": 0.019021518987341723,
    "best_epoch": 2,
    "time_min": 0.22358285586039225
  },
  "purecnn_filtered_a0.7_T1.5": {
    "model": "purecnn",
    "strategy": "filtered",
    "alpha": 0.7,
    "T": 1.5,
    "val_acc": 0.9430379746835443,
    "test_acc": 0.9177215189873418,
    "gain": 0.019021518987341723,
    "best_epoch": 2,
    "time_min": 0.2732997139294942
  },
  "purecnn_filtered_a0.7_T2.5": {
    "model": "purecnn",
    "strategy": "filtered",
    "alpha": 0.7,
    "T": 2.5,
    "val_acc": 0.9430379746835443,
    "test_acc": 0.9113924050632911,
    "gain": 0.012692405063291057,
    "best_epoch": 2,
    "time_min": 0.42054205338160194
  },
  "purecnn_filtered_a0.7_T3.5": {
    "model": "purecnn",
    "strategy": "filtered",
    "alpha": 0.7,
    "T": 3.5,
    "val_acc": 0.9430379746835443,
    "test_acc": 0.9050632911392406,
    "gain": 0.006363291139240501,
    "best_epoch": 8,
    "time_min": 0.40725044409434
  },
  "purecnn_correct_only_a0.3_T1.5": {
    "model": "purecnn",
    "strategy": "correct_only",
    "alpha": 0.3,
    "T": 1.5,
    "val_acc": 0.9430379746835443,
    "test_acc": 0.9177215189873418,
    "gain": 0.019021518987341723,
    "best_epoch": 5,
    "time_min": 0.37549250523249306
  },
  "purecnn_correct_only_a0.3_T2.5": {
    "model": "purecnn",
    "strategy": "correct_only",
    "alpha": 0.3,
    "T": 2.5,
    "val_acc": 0.9367088607594937,
    "test_acc": 0.9050632911392406,
    "gain": 0.006363291139240501,
    "best_epoch": 1,
    "time_min": 0.23376094102859496
  },
  "purecnn_correct_only_a0.3_T3.5": {
    "model": "purecnn",
    "strategy": "correct_only",
    "alpha": 0.3,
    "T": 3.5,
    "val_acc": 0.9367088607594937,
    "test_acc": 0.9113924050632911,
    "gain": 0.012692405063291057,
    "best_epoch": 5,
    "time_min": 0.26806869904200237
  },
  "purecnn_correct_only_a0.5_T1.5": {
    "model": "purecnn",
    "strategy": "correct_only",
    "alpha": 0.5,
    "T": 1.5,
    "val_acc": 0.9430379746835443,
    "test_acc": 0.9050632911392406,
    "gain": 0.006363291139240501,
    "best_epoch": 3,
    "time_min": 0.26697267293930055
  },
  "purecnn_correct_only_a0.5_T2.5": {
    "model": "purecnn",
    "strategy": "correct_only",
    "alpha": 0.5,
    "T": 2.5,
    "val_acc": 0.9367088607594937,
    "test_acc": 0.9050632911392406,
    "gain": 0.006363291139240501,
    "best_epoch": 2,
    "time_min": 0.2611837943394979
  },
  "purecnn_correct_only_a0.5_T3.5": {
    "model": "purecnn",
    "strategy": "correct_only",
    "alpha": 0.5,
    "T": 3.5,
    "val_acc": 0.9493670886075949,
    "test_acc": 0.9050632911392406,
    "gain": 0.006363291139240501,
    "best_epoch": 1,
    "time_min": 0.20664271116256713
  },
  "purecnn_correct_only_a0.7_T1.5": {
    "model": "purecnn",
    "strategy": "correct_only",
    "alpha": 0.7,
    "T": 1.5,
    "val_acc": 0.9430379746835443,
    "test_acc": 0.8924050632911392,
    "gain": -0.006294936708860832,
    "best_epoch": 1,
    "time_min": 0.21615360180536905
  },
  "purecnn_correct_only_a0.7_T2.5": {
    "model": "purecnn",
    "strategy": "correct_only",
    "alpha": 0.7,
    "T": 2.5,
    "val_acc": 0.9430379746835443,
    "test_acc": 0.8987341772151899,
    "gain": 3.417721518983452e-05,
    "best_epoch": 3,
    "time_min": 0.24206960201263428
  },
  "purecnn_correct_only_a0.7_T3.5": {
    "model": "purecnn",
    "strategy": "correct_only",
    "alpha": 0.7,
    "T": 3.5,
    "val_acc": 0.9430379746835443,
    "test_acc": 0.9113924050632911,
    "gain": 0.012692405063291057,
    "best_epoch": 1,
    "time_min": 0.2214542547861735
  },
  "cnnres_all_a0.3_T1.5": {
    "model": "cnnres",
    "strategy": "all",
    "alpha": 0.3,
    "T": 1.5,
    "val_acc": 0.8924050632911392,
    "test_acc": 0.8544303797468354,
    "gain": -0.006369620253164565,
    "best_epoch": 4,
    "time_min": 0.22845078309377034
  },
  "cnnres_all_a0.3_T2.5": {
    "model": "cnnres",