{
  "transformer": {
    "val_acc": 0.9367088607594937,
    "test_acc": 0.9050632911392406,
    "train_acc": 0.9226594301221167,
    "best_epoch": 37,
    "params": 167428,
    "time_min": 9.859036854902904
  }
}