{
  "dataset": "KuHar",
  "num_classes": 18,
  "train": 20000,
  "test": 19129,
  "pure_cnn": 81.0,
  "cnn_minimax": 81.01,
  "improvement": 0.01,
  "pure_class_acc": {
    "Stand": 0.8134026574234546,
    "Sit": 0.3383808969132207,
    "Talk-sit": 0.8050694025347013,
    "Talk-stand": 0.9557882489819662,
    "Stand-sit": 0.9755226925038246,
    "Lay": 0.29359430604982206,
    "Lay-stand": 0.916354556803995,
    "Pick": 0.9099836333878887,
    "Jump": 0.9873817034700315,
    "Push-up": 0.9740820734341252,
    "Sit-up": 0.946652719665272,
    "Walk": 0.9432989690721649,
    "Walk-backwards": 0.9572953736654805,
    "Walk-circle": 0.8969957081545065,
    "Run": 0.9361313868613139,
    "Stair-up": 0.9418604651162791,
    "Stair-down": 0.9296148738379814,
    "Table-tennis": 0.9783653846153846
  },
  "kd_class_acc": {
    "Stand": 0.4009243212016176,
    "Sit": 0.7140361094933023,
    "Talk-sit": 0.8714544357272178,
    "Talk-stand": 0.9499709133216987,
    "Stand-sit": 0.9709331973482916,
    "Lay": 0.2947805456702254,
    "Lay-stand": 0.9094881398252185,
    "Pick": 0.9328968903436988,
    "Jump": 0.9858044164037855,
    "Push-up": 0.9719222462203023,
    "Sit-up": 0.9089958158995816,
    "Walk": 0.9587628865979382,
    "Walk-backwards": 0.9430604982206405,
    "Walk-circle": 0.8841201716738197,
    "Run": 0.9507299270072993,
    "Stair-up": 0.9328165374677002,
    "Stair-down": 0.9282868525896414,
    "Table-tennis": 0.9615384615384616
  }
}