{
  "dataset": "UCI-HAR-New",
  "num_classes": 12,
  "train": 6213,
  "test": 3162,
  "pure_cnn": 93.45,
  "pure_class_acc": {
    "WALKING": 0.9758064516129032,
    "WALKING_UP": 0.9787685774946921,
    "WALKING_DOWN": 0.9452380952380952,
    "SITTING": 0.9035433070866141,
    "STANDING": 0.9424460431654677,
    "LAYING": 0.9651376146788991,
    "STAND_TO_SIT": 0.8695652173913043,
    "SIT_TO_STAND": 0.9,
    "SIT_TO_LIE": 0.71875,
    "LIE_TO_SIT": 0.12,
    "STAND_TO_LIE": 0.5510204081632653,
    "LIE_TO_STAND": 0.8148148148148148
  }
}