{
  "test_acc": 0.905063271522522,
  "best_val_acc": 0.9177215099334717,
  "train_acc": 0.9348710775375366,
  "best_epoch": 6,
  "config": {
    "strategy": "all",
    "alpha": 0.62,
    "temperature": 1.5,
    "epochs": 80,
    "patience": 15,
    "lr": 0.0005,
    "batch_size": 64,
    "seed": 42,
    "soft_contrib_pct": "~38%"
  }
}