{
  "test_acc": 0.892405092716217,
  "best_val_acc": 0.9367088675498962,
  "train_acc": 0.9430122375488281,
  "best_epoch": 6,
  "config": {
    "strategy": "correct_only",
    "alpha": 0.3,
    "temperature": 0.8,
    "epochs": 80,
    "patience": 15,
    "lr": 0.0005,
    "batch_size": 64,
    "seed": 42,
    "soft_contrib_pct": "~70%"
  }
}