{
  "test_acc": 0.8987341523170471,
  "best_val_acc": 0.9240506291389465,
  "train_acc": 0.9308005571365356,
  "best_epoch": 5,
  "config": {
    "strategy": "all",
    "alpha": 0.6,
    "temperature": 1.5,
    "epochs": 80,
    "patience": 15,
    "lr": 0.0005,
    "batch_size": 64,
    "seed": 42,
    "soft_contrib_pct": "~40%"
  }
}