{
  "test_acc": 0.8987341523170471,
  "best_val_acc": 0.9303797483444214,
  "train_acc": 0.9389416575431824,
  "best_epoch": 6,
  "config": {
    "strategy": "all",
    "alpha": 0.65,
    "temperature": 1.5,
    "epochs": 80,
    "patience": 15,
    "lr": 0.0005,
    "batch_size": 64,
    "seed": 42,
    "soft_contrib_pct": "~35%"
  }
}