{
  "model": "cnnres",
  "phase": 1,
  "n_params": 144997,
  "train_acc": 0.9428608958360699,
  "val_acc": 0.9356617647058824,
  "test_acc": 0.9270833333333334,
  "best_epoch": 16,
  "time_min": 2.54532763560613,
  "test_per_class": {
    "lying": 0.9486607142857143,
    "sitting": 0.9436619718309859,
    "standing": 0.9225352112676056,
    "walking": 0.896551724137931,
    "jogging": 0.8604651162790697
  },
  "test_confusion_matrix": [
    [
      425,
      8,
      14,
      0,
      1
    ],
    [
      2,
      402,
      18,
      4,
      0
    ],
    [
      6,
      22,
      393,
      5,
      0
    ],
    [
      3,
      5,
      13,
      182,
      0
    ],
    [
      0,
      7,
      7,
      4,
      111
    ]
  ],
  "train_per_class": {
    "lying": 0.9621828626136908,
    "sitting": 0.9627953745600805,
    "standing": 0.9416792357968828,
    "walking": 0.9173728813559322,
    "jogging": 0.8538205980066446
  },
  "config": {
    "loss": "FocalLoss(\u03b3=2.0)",
    "optimizer": "AdamW(lr=5e-4,wd=1e-4)",
    "scheduler": "CosineAnnealingWarmRestarts(T0=20,Tmult=2)",
    "batch_size": 64,
    "patience": 15,
    "max_epochs": 300,
    "grad_clip": 5.0,
    "seed": 42
  },
  "epoch_log": [
    {
      "epoch": 1,
      "train_loss": 0.47563026696893745,
      "train_acc": 0.7280966765570857,
      "val_acc": 0.8731617647058824,
      "val_per_class": {
        "lying": 0.9419642857142857,
        "sitting": 0.8591549295774648,
        "standing": 0.8568075117370892,
        "walking": 0.8571428571428571,
        "jogging": 0.7596899224806202
      },
      "lr": 0.0004969220851487844
    },
    {
      "epoch": 2,
      "train_loss": 0.26583959099404936,
      "train_acc": 0.8465782215807264,
      "val_acc": 0.8872549019607843,
      "val_per_class": {
        "lying": 0.9419642857142857,
        "sitting": 0.8591549295774648,
        "standing": 0.9084507042253521,
        "walking": 0.8275862068965517,
        "jogging": 0.813953488372093
      },
      "lr": 0.0004877641290737884
    },
    {
      "epoch": 3,
      "train_loss": 0.23330216636274703,
      "train_acc": 0.8706160513107964,
      "val_acc": 0.8988970588235294,
      "val_per_class": {
        "lying": 0.9486607142857143,
        "sitting": 0.9061032863849765,
        "standing": 0.8896713615023474,
        "walking": 0.8423645320197044,
        "jogging": 0.8217054263565892
      },
      "lr": 0.00047275163104709196
    },
    {
      "epoch": 4,
      "train_loss": 0.21508977283367295,
      "train_acc": 0.8763956390149988,
      "val_acc": 0.9056372549019608,
      "val_per_class": {
        "lying": 0.9441964285714286,
        "sitting": 0.8967136150234741,
        "standing": 0.9272300469483568,
        "walking": 0.8522167487684729,
        "jogging": 0.813953488372093
      },
      "lr": 0.0004522542485937369
    },
    {
      "epoch": 5,
      "train_loss": 0.1951513755897741,
      "train_acc": 0.885590437386206,
      "val_acc": 0.9031862745098039,
      "val_per_class": {
        "lying": 0.9397321428571429,
        "sitting": 0.9389671361502347,
        "standing": 0.8873239436619719,
        "walking": 0.8768472906403941,
        "jogging": 0.751937984496124
      },
      "lr": 0.00042677669529663686
    },
    {
      "epoch": 6,
      "train_loss": 0.18856969707885615,
      "train_acc": 0.8875607513307225,
      "val_acc": 0.9166666666666666,
      "val_per_class": {
        "lying": 0.9486607142857143,
        "sitting": 0.9295774647887324,
        "standing": 0.9131455399061033,
        "walking": 0.8768472906403941,
        "jogging": 0.8372093023255814
      },
      "lr": 0.0003969463130731183
    },
    {
      "epoch": 7,
      "train_loss": 0.17414099722807064,
      "train_acc": 0.891895442148021,
      "val_acc": 0.9117647058823529,
      "val_per_class": {
        "lying": 0.9464285714285714,
        "sitting": 0.9225352112676056,
        "standing": 0.9107981220657277,
        "walking": 0.8620689655172413,
        "jogging": 0.8372093023255814
      },
      "lr": 0.00036349762493488667
    },
    {
      "epoch": 8,
      "train_loss": 0.1718509504262054,
      "train_acc": 0.891895441834848,
      "val_acc": 0.8915441176470589,
      "val_per_class": {
        "lying": 0.8616071428571429,
        "sitting": 0.9295774647887324,
        "standing": 0.8990610328638498,
        "walking": 0.916256157635468,
        "jogging": 0.8062015503875969
      },
      "lr": 0.00032725424859373687
    },
    {
      "epoch": 9,
      "train_loss": 0.1571161344982111,
      "train_acc": 0.898463155105896,
      "val_acc": 0.9227941176470589,
      "val_per_class": {
        "lying": 0.9553571428571429,
        "sitting": 0.9342723004694836,
        "standing": 0.9107981220657277,
        "walking": 0.8916256157635468,
        "jogging": 0.8604651162790697
      },
      "lr": 0.00028910861626005774
    },
    {
      "epoch": 10,
      "train_loss": 0.1563780583547932,
      "train_acc": 0.9010902402060551,
      "val_acc": 0.9185049019607843,
      "val_per_class": {
        "lying": 0.9486607142857143,
        "sitting": 0.9342723004694836,
        "standing": 0.9131455399061033,
        "walking": 0.8719211822660099,
        "jogging": 0.8527131782945736
      },
      "lr": 0.00025
    },
    {
      "epoch": 11,
      "train_loss": 0.14695067320282756,
      "train_acc": 0.9051622223340461,
      "val_acc": 0.9172794117647058,
      "val_per_class": {
        "lying": 0.9308035714285714,
        "sitting": 0.9366197183098591,
        "standing": 0.9225352112676056,
        "walking": 0.8669950738916257,
        "jogging": 0.8682170542635659
      },
      "lr": 0.00021089138373994235
    },
    {
      "epoch": 12,
      "train_loss": 0.13482092969970008,
      "train_acc": 0.9109418098894914,
      "val_acc": 0.9307598039215687,
      "val_per_class": {
        "lying": 0.9598214285714286,
        "sitting": 0.9413145539906104,
        "standing": 0.9248826291079812,
        "walking": 0.896551724137931,
        "jogging": 0.8682170542635659
      },
      "lr": 0.00017274575140626317
    },
    {
      "epoch": 13,
      "train_loss": 0.13531579713865724,
      "train_acc": 0.9155392093960972,
      "val_acc": 0.9344362745098039,
      "val_per_class": {
        "lying": 0.9598214285714286,
        "sitting": 0.9460093896713615,
        "standing": 0.9342723004694836,
        "walking": 0.9113300492610837,
        "jogging": 0.8449612403100775
      },
      "lr": 0.00013650237506511331
    },
    {
      "epoch": 14,
      "train_loss": 0.13048189118627837,
      "train_acc": 0.9194798370972266,
      "val_acc": 0.9313725490196079,
      "val_per_class": {
        "lying": 0.9620535714285714,
        "sitting": 0.9507042253521126,
        "standing": 0.9131455399061033,
        "walking": 0.9014778325123153,
        "jogging": 0.8682170542635659
      },
      "lr": 0.00010305368692688174
    },
    {
      "epoch": 15,
      "train_loss": 0.125335800810977,
      "train_acc": 0.9215815051476025,
      "val_acc": 0.9319852941176471,
      "val_per_class": {
        "lying": 0.9642857142857143,
        "sitting": 0.9460093896713615,
        "standing": 0.9248826291079812,
        "walking": 0.8916256157635468,
        "jogging": 0.8604651162790697
      },
      "lr": 7.322330470336314e-05
    },
    {
      "epoch": 16,
      "train_loss": 0.13212285226541987,
      "train_acc": 0.9129121238261786,
      "val_acc": 0.9356617647058824,
      "val_per_class": {
        "lying": 0.9598214285714286,
        "sitting": 0.9507042253521126,
        "standing": 0.9248826291079812,
        "walking": 0.916256157635468,
        "jogging": 0.8682170542635659
      },
      "lr": 4.7745751406263163e-05
    },
    {
      "epoch": 17,
      "train_loss": 0.12316821606576044,
      "train_acc": 0.9202679625074857,
      "val_acc": 0.9319852941176471,
      "val_per_class": {
        "lying": 0.9598214285714286,
        "sitting": 0.9436619718309859,