{
  "model": "cnnres",
  "phase": 2,
  "n_params": 144997,
  "strategy": "filtered",
  "alpha": 0.7,
  "T": 1.5,
  "hard_label_pct": "70%",
  "soft_label_pct": "30%",
  "baseline_test_acc": 0.9270833333333334,
  "train_acc": 0.9448312097727571,
  "val_acc": 0.9325980392156863,
  "test_acc": 0.9276960784313726,
  "gain": 0.0006127450980392135,
  "gain_pct": "+0.06pp",
  "best_epoch": 11,
  "time_min": 3.4508492946624756,
  "test_per_class": {
    "lying": 0.9397321428571429,
    "sitting": 0.9366197183098591,
    "standing": 0.9248826291079812,
    "walking": 0.916256157635468,
    "jogging": 0.8837209302325582
  },
  "test_confusion_matrix": [
    [
      421,
      8,
      14,
      3,
      2
    ],
    [
      0,
      399,
      23,
      4,
      0
    ],
    [
      6,
      20,
      394,
      6,
      0
    ],
    [
      2,
      3,
      10,
      186,
      2
    ],
    [
      0,
      7,
      7,
      1,
      114
    ]
  ],
  "train_per_class": {
    "lying": 0.9636189564384873,
    "sitting": 0.947209653092006,
    "standing": 0.951734539969834,
    "walking": 0.9279661016949152,
    "jogging": 0.8754152823920266
  },
  "config": {
    "loss": "\u03b1\u00b7Focal(\u03b3=2.0)+(1-\u03b1)\u00b7T\u00b2\u00b7KL",
    "alpha": 0.7,
    "T": 1.5,
    "optimizer": "AdamW(lr=1e-4,wd=1e-4)",
    "scheduler": "CosineAnnealingWarmRestarts(T0=20,Tmult=2)",
    "batch_size": 64,
    "patience": 15,
    "max_epochs": 300,
    "grad_clip": 5.0,
    "seed": 42
  },
  "epoch_log": [
    {
      "epoch": 1,
      "train_loss": 0.4094198077357302,
      "train_acc": 0.915801917756573,
      "val_acc": 0.9270833333333334,
      "val_per_class": {
        "lying": 0.953125,
        "sitting": 0.9225352112676056,
        "standing": 0.9154929577464789,
        "walking": 0.916256157635468,
        "jogging": 0.9069767441860465
      },
      "lr": 9.938441702975689e-05
    },
    {
      "epoch": 2,
      "train_loss": 0.3956888166799286,
      "train_acc": 0.9094969130025874,
      "val_acc": 0.9283088235294118,
      "val_per_class": {
        "lying": 0.9508928571428571,
        "sitting": 0.9389671361502347,
        "standing": 0.9178403755868545,
        "walking": 0.9064039408866995,
        "jogging": 0.8837209302325582
      },
      "lr": 9.755282581475769e-05
    },
    {
      "epoch": 3,
      "train_loss": 0.38875599716944526,
      "train_acc": 0.9097596218484814,
      "val_acc": 0.9283088235294118,
      "val_per_class": {
        "lying": 0.9486607142857143,
        "sitting": 0.9366197183098591,
        "standing": 0.9248826291079812,
        "walking": 0.916256157635468,
        "jogging": 0.8604651162790697
      },
      "lr": 9.45503262094184e-05
    },
    {
      "epoch": 4,
      "train_loss": 0.3828087912882954,
      "train_acc": 0.9113358726611702,
      "val_acc": 0.928921568627451,
      "val_per_class": {
        "lying": 0.9575892857142857,
        "sitting": 0.9389671361502347,
        "standing": 0.9131455399061033,
        "walking": 0.9113300492610837,
        "jogging": 0.875968992248062
      },
      "lr": 9.045084971874738e-05
    },
    {
      "epoch": 5,
      "train_loss": 0.3831278502972449,
      "train_acc": 0.9117299357773392,
      "val_acc": 0.9307598039215687,
      "val_per_class": {
        "lying": 0.9508928571428571,
        "sitting": 0.9295774647887324,
        "standing": 0.9248826291079812,
        "walking": 0.9310344827586207,
        "jogging": 0.8837209302325582
      },
      "lr": 8.535533905932738e-05
    },
    {
      "epoch": 6,
      "train_loss": 0.37945798224991323,
      "train_acc": 0.9101536846436481,
      "val_acc": 0.9313725490196079,
      "val_per_class": {
        "lying": 0.9553571428571429,
        "sitting": 0.9272300469483568,
        "standing": 0.9272300469483568,
        "walking": 0.9261083743842364,
        "jogging": 0.8837209302325582
      },
      "lr": 7.938926261462366e-05
    },
    {
      "epoch": 7,
      "train_loss": 0.3750058638114709,
      "train_acc": 0.912255352670536,
      "val_acc": 0.928921568627451,
      "val_per_class": {
        "lying": 0.953125,
        "sitting": 0.931924882629108,
        "standing": 0.9084507042253521,
        "walking": 0.9359605911330049,
        "jogging": 0.8914728682170543
      },
      "lr": 7.269952498697734e-05
    },
    {
      "epoch": 8,
      "train_loss": 0.37524204945949474,
      "train_acc": 0.9110731644651101,
      "val_acc": 0.9270833333333334,
      "val_per_class": {
        "lying": 0.9464285714285714,
        "sitting": 0.9272300469483568,
        "standing": 0.9272300469483568,
        "walking": 0.9113300492610837,
        "jogging": 0.8837209302325582
      },
      "lr": 6.545084971874738e-05
    },
    {
      "epoch": 9,
      "train_loss": 0.36743452650213876,
      "train_acc": 0.9121239985646766,
      "val_acc": 0.9276960784313726,
      "val_per_class": {
        "lying": 0.9553571428571429,
        "sitting": 0.9225352112676056,
        "standing": 0.9178403755868545,
        "walking": 0.916256157635468,
        "jogging": 0.8992248062015504
      },
      "lr": 5.782172325201155e-05
    },
    {
      "epoch": 10,
      "train_loss": 0.37372382825078276,
      "train_acc": 0.9130434782452109,
      "val_acc": 0.9319852941176471,
      "val_per_class": {
        "lying": 0.9575892857142857,
        "sitting": 0.931924882629108,
        "standing": 0.9248826291079812,
        "walking": 0.9261083743842364,
        "jogging": 0.875968992248062
      },
      "lr": 5e-05
    },
    {
      "epoch": 11,
      "train_loss": 0.37001728304156206,
      "train_acc": 0.9129121239827651,
      "val_acc": 0.9325980392156863,
      "val_per_class": {
        "lying": 0.9575892857142857,
        "sitting": 0.9342723004694836,
        "standing": 0.9272300469483568,
        "walking": 0.916256157635468,
        "jogging": 0.8837209302325582
      },
      "lr": 4.217827674798847e-05
    },
    {
      "epoch": 12,
      "train_loss": 0.3632412884327142,
      "train_acc": 0.9135688954515807,
      "val_acc": 0.9295343137254902,
      "val_per_class": {
        "lying": 0.9575892857142857,
        "sitting": 0.9225352112676056,
        "standing": 0.9225352112676056,
        "walking": 0.9261083743842364,
        "jogging": 0.8837209302325582
      },
      "lr": 3.4549150281252636e-05
    },
    {
      "epoch": 13,
      "train_loss": 0.3633930224220151,
      "train_acc": 0.9135688951384077,
      "val_acc": 0.9313725490196079,
      "val_per_class": {
        "lying": 0.9575892857142857,
        "sitting": 0.931924882629108,
        "standing": 0.9295774647887324,
        "walking": 0.9064039408866995,
        "jogging": 0.8837209302325582
      },
      "lr": 2.7300475013022663e-05
    },
    {
      "epoch": 14,
      "train_loss": 0.36449181243560014,
      "train_acc": 0.9143570207052533,
      "val_acc": 0.9283088235294118,
      "val_per_class": {
        "lying": 0.9441964285714286,
        "sitting": 0.931924882629108,
        "standing": 0.9272300469483568,
        "walking": 0.9113300492610837,
        "jogging": 0.8914728682170543
      },
      "lr": 2.061073738537635e-05
    },
    {
      "epoch": 15,
      "train_loss": 0.36942254820525156,
      "train_acc": 0.9135688954515807,
      "val_acc": 0.9246323529411765,
      "val_per_class": {
        "lying": 0.9508928571428571,
        "sitting": 0.9295774647887324,
        "standing": 0.903755868544601,
        "walking": 0.9310344827586207,
        "jogging": 0.875968992248062
      },
      "lr": 1.4644660940672627e-05
    },
    {
      "epoch": 16,
      "train_loss": 0.35786949000047913,
      "train_acc": 0.9139629579179158,
      "val_acc": 0.9270833333333334,
      "val_per_class": {
        "lying": 0.9508928571428571,
        "sitting": 0.931924882629108,
        "standing": 0.9178403755868545,
        "walking": 0.9211822660098522,
        "jogging": 0.8682170542635659
      },