{
  "model": "purecnn",
  "phase": 2,
  "n_params": 611909,
  "strategy": "all",
  "alpha": 0.5,
  "T": 3.5,
  "hard_label_pct": "50%",
  "soft_label_pct": "50%",
  "baseline_test_acc": 0.9436274509803921,
  "train_acc": 0.9193484828582688,
  "val_acc": 0.9037990196078431,
  "test_acc": 0.8970588235294118,
  "gain": -0.04656862745098034,
  "gain_pct": "-4.66pp",
  "best_epoch": 1,
  "time_min": 2.1078197439511617,
  "test_per_class": {
    "lying": 0.9308035714285714,
    "sitting": 0.8708920187793427,
    "standing": 0.8990610328638498,
    "walking": 0.8669950738916257,
    "jogging": 0.9069767441860465
  },
  "test_confusion_matrix": [
    [
      417,
      2,
      15,
      12,
      2
    ],
    [
      0,
      371,
      40,
      15,
      0
    ],
    [
      2,
      11,
      383,
      25,
      5
    ],
    [
      0,
      1,
      9,
      176,
      17
    ],
    [
      0,
      4,
      6,
      2,
      117
    ]
  ],
  "train_per_class": {
    "lying": 0.9502154140737195,
    "sitting": 0.8838612368024132,
    "standing": 0.9260935143288085,
    "walking": 0.9110169491525424,
    "jogging": 0.920265780730897
  },
  "config": {
    "loss": "\u03b1\u00b7Focal(\u03b3=2.0)+(1-\u03b1)\u00b7T\u00b2\u00b7KL",
    "alpha": 0.5,
    "T": 3.5,
    "optimizer": "AdamW(lr=1e-4,wd=1e-4)",
    "scheduler": "CosineAnnealingWarmRestarts(T0=20,Tmult=2)",
    "batch_size": 64,
    "patience": 15,
    "max_epochs": 300,
    "grad_clip": 5.0,
    "seed": 42
  },
  "epoch_log": [
    {
      "epoch": 1,
      "train_loss": 2.8923924843960895,
      "train_acc": 0.9215815052963596,
      "val_acc": 0.9037990196078431,
      "val_per_class": {
        "lying": 0.9464285714285714,
        "sitting": 0.8755868544600939,
        "standing": 0.8967136150234741,
        "walking": 0.8669950738916257,
        "jogging": 0.9302325581395349
      },
      "lr": 9.938441702975689e-05
    },
    {
      "epoch": 2,
      "train_loss": 2.550933262560569,
      "train_acc": 0.8904505452689463,
      "val_acc": 0.8927696078431373,
      "val_per_class": {
        "lying": 0.9352678571428571,
        "sitting": 0.8685446009389671,
        "standing": 0.8873239436619719,
        "walking": 0.8472906403940886,
        "jogging": 0.9147286821705426
      },
      "lr": 9.755282581475769e-05
    },
    {
      "epoch": 3,
      "train_loss": 2.3960897297109454,
      "train_acc": 0.8746880336110325,
      "val_acc": 0.8866421568627451,
      "val_per_class": {
        "lying": 0.9330357142857143,
        "sitting": 0.8661971830985915,
        "standing": 0.8685446009389671,
        "walking": 0.8472906403940886,
        "jogging": 0.9147286821705426
      },
      "lr": 9.45503262094184e-05
    },
    {
      "epoch": 4,
      "train_loss": 2.3160617810956725,
      "train_acc": 0.8675949035877156,
      "val_acc": 0.8817401960784313,
      "val_per_class": {
        "lying": 0.9352678571428571,
        "sitting": 0.8497652582159625,
        "standing": 0.8732394366197183,
        "walking": 0.8325123152709359,
        "jogging": 0.9069767441860465
      },
      "lr": 9.045084971874738e-05
    },
    {
      "epoch": 5,
      "train_loss": 2.2152833271853387,
      "train_acc": 0.8694338631131999,
      "val_acc": 0.8756127450980392,
      "val_per_class": {
        "lying": 0.9330357142857143,
        "sitting": 0.8568075117370892,
        "standing": 0.8474178403755869,
        "walking": 0.8325123152709359,
        "jogging": 0.8992248062015504
      },
      "lr": 8.535533905932738e-05
    },
    {
      "epoch": 6,
      "train_loss": 2.204736925871977,
      "train_acc": 0.8661500063876386,
      "val_acc": 0.8792892156862745,
      "val_per_class": {
        "lying": 0.9241071428571429,
        "sitting": 0.8615023474178404,
        "standing": 0.8615023474178404,
        "walking": 0.8374384236453202,
        "jogging": 0.9069767441860465
      },
      "lr": 7.938926261462366e-05
    },
    {
      "epoch": 7,
      "train_loss": 2.1513423007874644,
      "train_acc": 0.8584001052243377,
      "val_acc": 0.8762254901960784,
      "val_per_class": {
        "lying": 0.9241071428571429,
        "sitting": 0.8615023474178404,
        "standing": 0.8615023474178404,
        "walking": 0.812807881773399,
        "jogging": 0.9069767441860465
      },
      "lr": 7.269952498697734e-05
    },
    {
      "epoch": 8,
      "train_loss": 2.0908653904288386,
      "train_acc": 0.8576119796418336,
      "val_acc": 0.8615196078431373,
      "val_per_class": {
        "lying": 0.9196428571428571,
        "sitting": 0.8286384976525821,
        "standing": 0.8497652582159625,
        "walking": 0.7980295566502463,
        "jogging": 0.9069767441860465
      },
      "lr": 6.545084971874738e-05
    },
    {
      "epoch": 9,
      "train_loss": 2.072267694540912,
      "train_acc": 0.8576119793208313,
      "val_acc": 0.8792892156862745,
      "val_per_class": {
        "lying": 0.9196428571428571,
        "sitting": 0.8732394366197183,
        "standing": 0.8661971830985915,
        "walking": 0.812807881773399,
        "jogging": 0.9069767441860465
      },
      "lr": 5.782172325201155e-05
    },
    {
      "epoch": 10,
      "train_loss": 2.023868621985013,
      "train_acc": 0.8626034412937723,
      "val_acc": 0.8713235294117647,
      "val_per_class": {
        "lying": 0.9174107142857143,
        "sitting": 0.863849765258216,
        "standing": 0.8615023474178404,
        "walking": 0.7783251231527094,
        "jogging": 0.9147286821705426
      },
      "lr": 5e-05
    },
    {
      "epoch": 11,
      "train_loss": 2.032726432887856,
      "train_acc": 0.8578746881667252,
      "val_acc": 0.8817401960784313,
      "val_per_class": {
        "lying": 0.9174107142857143,
        "sitting": 0.8685446009389671,
        "standing": 0.8849765258215962,
        "walking": 0.8078817733990148,
        "jogging": 0.9069767441860465
      },
      "lr": 4.217827674798847e-05
    },
    {
      "epoch": 12,
      "train_loss": 2.0054574938495637,
      "train_acc": 0.8593195847404562,
      "val_acc": 0.8688725490196079,
      "val_per_class": {
        "lying": 0.9174107142857143,
        "sitting": 0.8403755868544601,
        "standing": 0.8685446009389671,
        "walking": 0.7980295566502463,
        "jogging": 0.9069767441860465
      },
      "lr": 3.4549150281252636e-05
    },
    {
      "epoch": 13,
      "train_loss": 2.0015503060217994,
      "train_acc": 0.8577433335754477,
      "val_acc": 0.8670343137254902,
      "val_per_class": {
        "lying": 0.921875,
        "sitting": 0.8474178403755869,
        "standing": 0.8544600938967136,
        "walking": 0.7881773399014779,
        "jogging": 0.9069767441860465
      },
      "lr": 2.7300475013022663e-05
    },
    {
      "epoch": 14,
      "train_loss": 1.9708420987920285,
      "train_acc": 0.8566924994915399,
      "val_acc": 0.8700980392156863,
      "val_per_class": {
        "lying": 0.9241071428571429,
        "sitting": 0.852112676056338,
        "standing": 0.8685446009389671,
        "walking": 0.7684729064039408,
        "jogging": 0.9069767441860465
      },
      "lr": 2.061073738537635e-05
    },
    {
      "epoch": 15,
      "train_loss": 1.9576947910469684,
      "train_acc": 0.857611979485247,
      "val_acc": 0.8743872549019608,
      "val_per_class": {
        "lying": 0.9151785714285714,
        "sitting": 0.8591549295774648,
        "standing": 0.863849765258216,
        "walking": 0.8177339901477833,
        "jogging": 0.9069767441860465
      },
      "lr": 1.4644660940672627e-05
    },
    {
      "epoch": 16,
      "train_loss": 1.979674763941317,
      "train_acc": 0.8560357285003131,
      "val_acc": 0.866421568627451,
      "val_per_class": {
        "lying": 0.9151785714285714,
        "sitting": 0.8427230046948356,
        "standing": 0.863849765258216,
        "walking": 0.7881773399014779,
        "jogging": 0.9069767441860465
      },