{"done": [67586, 13828, 1029, 25099, 38926, 48142, 7697, 50194, 41509, 18996, 25145, 25146, 33342, 26175, 63556, 57415, 59976, 57417, 55373, 32857, 49760, 31844, 68199, 27755, 62572, 5236, 17527, 12408, 57990, 17545, 17548, 40591, 62608, 41619, 41622, 41623, 66714, 17564, 68766, 44711, 44712, 66727, 50857, 66731, 44715, 9923, 52423, 46797, 52431, 46831, 48368, 22255, 48370, 66802, 47865, 39163, 4862, 48901, 41733, 2326, 64795, 7452, 4381, 64799, 57125, 43306, 72492, 43314, 43320, 64826, 64830, 12106, 43340, 12108, 335, 18259, 18777, 59744, 69987, 59747, 25446, 16748, 18801, 47474, 56190, 12165, 49034, 33676, 40334, 71571, 22944, 29089, 29091, 64425, 7596, 53676, 25519, 8121, 40892, 51135, 16834, 67524, 59860, 65506, 7148, 50158, 32239, 66544, 43504, 62963, 65524, 29173, 66554, 4603], "soft": {"0": [0.0, 1.0, 0.0, 0.0, 0.0, 0.0, 0.0], "1": [0.21666666865348816, 0.15000000596046448, 0.20000000298023224, 0.05000000074505806, 0.23333333432674408, 0.13333334028720856, 0.01666666753590107], "2": [0.30000001192092896, 0.1666666716337204, 0.21666666865348816, 0.06666667014360428, 0.05000000074505806, 0.1666666716337204, 0.03333333507180214], "3": [0.28333333134651184, 0.13333334028720856, 0.18333333730697632, 0.05000000074505806, 0.20000000298023224, 0.10000000149011612, 0.05000000074505806], "4": [1.0, 0.0, 0.0, 0.0, 0.0, 0.0, 0.0], "5": [0.38333332538604736, 0.11666666716337204, 0.1666666716337204, 0.06666667014360428, 0.06666667014360428, 0.15000000596046448, 0.05000000074505806], "6": [0.0, 0.0, 0.0, 0.0, 0.0, 1.0, 0.0], "7": [0.2666666805744171, 0.13333334028720856, 0.21666666865348816, 0.05000000074505806, 0.13333334028720856, 0.15000000596046448, 0.05000000074505806], "8": [0.3499999940395355, 0.13333334028720856, 0.18333333730697632, 0.05000000074505806, 0.15000000596046448, 0.10000000149011612, 0.03333333507180214], "9": [0.0, 0.0, 1.0, 0.0, 0.0, 0.0, 0.0], "10": [0.0, 0.0, 0.0, 0.0, 0.0, 1.0, 0.0], "11": [0.25, 0.1666666716337204, 0.21666666865348816, 0.05000000074505806, 0.05000000074505806, 0.21666666865348816, 0.05000000074505806], "12": [0.30000001192092896, 0.13333334028720856, 0.23333333432674408, 0.06666667014360428, 0.06666667014360428, 0.1666666716337204, 0.03333333507180214], "13": [0.0, 0.0, 1.0, 0.0, 0.0, 0.0, 0.0], "14": [0.3166666626930237, 0.1666666716337204, 0.18333333730697632, 0.06666667014360428, 0.06666667014360428, 0.15000000596046448, 0.05000000074505806], "15": [0.28333333134651184, 0.15000000596046448, 0.1666666716337204, 0.05000000074505806, 0.1666666716337204, 0.15000000596046448, 0.03333333507180214], "16": [0.2666666805744171, 0.13333334028720856, 0.25, 0.06666667014360428, 0.0833333358168602, 0.1666666716337204, 0.03333333507180214], "17": [0.25, 0.1666666716337204, 0.20000000298023224, 0.0833333358168602, 0.13333334028720856, 0.1666666716337204, 0.0], "18": [0.36666667461395264, 0.11666666716337204, 0.23333333432674408, 0.05000000074505806, 0.05000000074505806, 0.1666666716337204, 0.01666666753590107], "19": [0.3166666626930237, 0.15000000596046448, 0.18333333730697632, 0.06666667014360428, 0.06666667014360428, 0.1666666716337204, 0.05000000074505806], "20": [0.30000001192092896, 0.11666666716337204, 0.23333333432674408, 0.05000000074505806, 0.05000000074505806, 0.23333333432674408, 0.01666666753590107], "21": [0.0, 1.0, 0.0, 0.0, 0.0, 0.0, 0.0], "22": [0.3166666626930237, 0.13333334028720856, 0.23333333432674408, 0.06666667014360428, 0.05000000074505806, 0.15000000596046448, 0.05000000074505806], "23": [0.28333333134651184, 0.15000000596046448, 0.21666666865348816, 0.05000000074505806, 0.13333334028720856, 0.15000000596046448, 0.01666666753590107], "24": [0.15000000596046448, 0.15000000596046448, 0.23333333432674408, 0.10000000149011612, 0.15000000596046448, 0.18333333730697632, 0.03333333507180214], "25": [0.0, 0.0, 1.0, 0.0, 0.0, 0.0, 0.0], "26": [0.30000001192092896, 0.13333334028720856, 0.18333333730697632, 0.0833333358168602, 0.11666666716337204, 0.11666666716337204, 0.06666667014360428], "27": [0.25208333134651184, 0.14791665971279144, 0.17499999701976776, 0.04374999925494194, 0.17916665971279144, 0.17499999701976776, 0.02708333358168602], "28": [0.3166666626930237, 0.15000000596046448, 0.23333333432674408, 0.05000000074505806, 0.05000000074505806, 0.15000000596046448, 0.05000000074505806], "29": [0.3166666626930237, 0.15000000596046448, 0.20000000298023224, 0.05000000074505806, 0.0833333358168602, 0.15000000596046448, 0.05000000074505806], "30": [0.23333333432674408, 0.13333334028720856, 0.18333333730697632, 0.0833333358168602, 0.1666666716337204, 0.1666666716337204, 0.03333333507180214], "31": [1.0, 0.0, 0.0, 0.0, 0.0, 0.0, 0.0], "32": [0.0, 1.0, 0.0, 0.0, 0.0, 0.0, 0.0], "33": [0.28333333134651184, 0.15000000596046448, 0.20000000298023224, 0.05000000074505806, 0.13333334028720856, 0.13333334028720856, 0.05000000074505806], "34": [0.2037634402513504, 0.11559139937162399, 0.1596774160861969, 0.044086020439863205, 0.35053762793540955, 0.11559139937162399, 0.01075268816202879], "35": [0.0, 1.0, 0.0, 0.0, 0.0, 0.0, 0.0], "36": [0.36666667461395264, 0.13333334028720856, 0.20000000298023224, 0.05000000074505806, 0.10000000149011612, 0.11666666716337204, 0.03333333507180214], "37": [0.3166666626930237, 0.1666666716337204, 0.18333333730697632, 0.05000000074505806, 0.05000000074505806, 0.18333333730697632, 0.05000000074505806], "38": [0.3499999940395355, 0.1666666716337204, 0.21666666865348816, 0.05000000074505806, 0.05000000074505806, 0.11666666716337204, 0.05000000074505806], "39": [0.3166666626930237, 0.21666666865348816, 0.21666666865348816, 0.05000000074505806, 0.05000000074505806, 0.13333334028720856, 0.01666666753590107], "40": [0.3499999940395355, 0.13333334028720856, 0.21666666865348816, 0.05000000074505806, 0.05000000074505806, 0.15000000596046448, 0.05000000074505806], "41": [0.38333332538604736, 0.15000000596046448, 0.18333333730697632, 0.05000000074505806, 0.05000000074505806, 0.15000000596046448, 0.03333333507180214], "42": [0.3166666626930237, 0.20000000298023224, 0.21666666865348816, 0.05000000074505806, 0.06666667014360428, 0.11666666716337204, 0.03333333507180214], "43": [0.30000001192092896, 0.18333333730697632, 0.20000000298023224, 0.05000000074505806, 0.06666667014360428, 0.15000000596046448, 0.05000000074505806], "44": [0.30000001192092896, 0.11666666716337204, 0.25, 0.06666667014360428, 0.06666667014360428, 0.18333333730697632, 0.01666666753590107], "45": [0.3166666626930237, 0.15000000596046448, 0.20000000298023224, 0.06666667014360428, 0.05000000074505806, 0.1666666716337204, 0.05000000074505806], "46": [1.0, 0.0, 0.0, 0.0, 0.0, 0.0, 0.0], "47": [0.28333333134651184, 0.11666666716337204, 0.23333333432674408, 0.05000000074505806, 0.18333333730697632, 0.11666666716337204, 0.01666666753590107], "48": [0.4333333373069763, 0.13333334028720856, 0.23333333432674408, 0.05000000074505806, 0.05000000074505806, 0.0833333358168602, 0.01666666753590107], "49": [0.28333333134651184, 0.15000000596046448, 0.20000000298023224, 0.05000000074505806, 0.10000000149011612, 0.18333333730697632, 0.03333333507180214], "50": [0.2666666805744171, 0.15000000596046448, 0.23333333432674408, 0.05000000074505806, 0.05000000074505806, 0.21666666865348816, 0.03333333507180214], "51": [0.38333332538604736, 0.15000000596046448, 0.18333333730697632, 0.05000000074505806, 0.05000000074505806, 0.15000000596046448, 0.03333333507180214], "52": [0.28333333134651184, 0.1666666716337204, 0.21666666865348816, 0.05000000074505806, 0.10000000149011612, 0.1666666716337204, 0.01666666753590107], "53": [1.0, 0.0, 0.0, 0.0, 0.0, 0.0, 0.0], "54": [0.23333333432674408, 0.13333334028720856, 0.18333333730697632, 0.06666667014360428, 0.1666666716337204, 0.18333333730697632, 0.03333333507180214], "55": [0.0, 0.0, 0.0, 0.0, 0.0, 1.0, 0.0], "56": [0.2666666805744171, 0.15000000596046448, 0.18333333730697632, 0.05000000074505806, 0.23333333432674408, 0.06666667014360428, 0.05000000074505806],