{
  "dataset": "HARTH",
  "num_classes": 6,
  "train": 20000,
  "test": 17678,
  "pure_cnn": 95.89,
  "v1_kd": 95.83,
  "v2_kd": 96.1,
  "v2_vs_v1": 0.27,
  "kd_class_acc": {
    "左立": 0.9257660768234787,
    "走路": 0.8785882352941177,
    "上楼": 0.9224137931034483,
    "下楼": 0.9019607843137255,
    "右立": 0.9984555984555985,
    "站立": 0.944578313253012
  }
}