{
  "dataset": "KuHar",
  "num_classes": 18,
  "train": 20000,
  "test": 19129,
  "pure_cnn": 80.94,
  "v1_kd": 81.01,
  "v2_kd": 85.02,
  "v3_kd": 82.9,
  "v3_vs_v2": -2.12,
  "kd_class_acc": {
    "Stand": 0.38128249566724437,
    "Sit": 0.8142108328479907,
    "Talk-sit": 0.9052504526252263,
    "Talk-stand": 0.970913321698662,
    "Stand-sit": 0.9790922998470168,
    "Lay": 0.302491103202847,
    "Lay-stand": 0.9238451935081149,
    "Pick": 0.9517184942716858,
    "Jump": 0.9858044164037855,
    "Push-up": 0.9611231101511879,
    "Sit-up": 0.9424686192468619,
    "Walk": 0.961340206185567,
    "Walk-backwards": 0.9679715302491103,
    "Walk-circle": 0.8755364806866953,
    "Run": 0.9525547445255474,
    "Stair-up": 0.9315245478036176,
    "Stair-down": 0.9588313413014609,
    "Table-tennis": 0.9615384615384616
  }
}