{
  "dataset": "KuHar",
  "num_classes": 18,
  "train": 20000,
  "test": 19129,
  "pure_cnn": 78.29,
  "v1_kd": 81.01,
  "ft_kd": 81.75,
  "ft_vs_v1": 0.74,
  "kd_class_acc": {
    "Stand": 0.341998844598498,
    "Sit": 0.7874199184624345,
    "Talk-sit": 0.9130959565479783,
    "Talk-stand": 0.9639325189063409,
    "Stand-sit": 0.9750127485976543,
    "Lay": 0.29062870699881377,
    "Lay-stand": 0.9250936329588015,
    "Pick": 0.9484451718494271,
    "Jump": 0.9747634069400631,
    "Push-up": 0.9632829373650108,
    "Sit-up": 0.8985355648535565,
    "Walk": 0.9600515463917526,
    "Walk-backwards": 0.9679715302491103,
    "Walk-circle": 0.9012875536480687,
    "Run": 0.9105839416058394,
    "Stair-up": 0.9211886304909561,
    "Stair-down": 0.9601593625498008,
    "Table-tennis": 0.9519230769230769
  }
}