{
  "dataset": "KuHar",
  "num_classes": 18,
  "train": 20000,
  "test": 19129,
  "pure_cnn": 76.58,
  "v1_kd": 81.01,
  "v2_kd": 85.02,
  "v2_vs_pure": 8.44,
  "v2_vs_v1": 4.01,
  "kd_class_acc": {
    "Stand": 0.39168110918544197,
    "Sit": 0.8800232964472918,
    "Talk-sit": 0.8412794206397103,
    "Talk-stand": 0.9656777196044212,
    "Stand-sit": 0.9765425803161653,
    "Lay": 0.5836298932384342,
    "Lay-stand": 0.9394506866416978,
    "Pick": 0.9459901800327333,
    "Jump": 0.9763406940063092,
    "Push-up": 0.9524838012958964,
    "Sit-up": 0.9257322175732218,
    "Walk": 0.9536082474226805,
    "Walk-backwards": 0.9395017793594306,
    "Walk-circle": 0.8669527896995708,
    "Run": 0.9215328467153284,
    "Stair-up": 0.9276485788113695,
    "Stair-down": 0.9256308100929614,
    "Table-tennis": 0.9350961538461539
  }
}