{
  "dataset": "PAMAP2",
  "num_classes": 5,
  "train": 2826,
  "test": 884,
  "pure_cnn": 93.78,
  "v1_kd": 92.58,
  "v2_kd": 95.02,
  "v2_vs_v1": 2.44,
  "kd_class_acc": {
    "downstairs": 0.9692307692307692,
    "sitting": 0.96415770609319,
    "standing": 0.9530685920577617,
    "walking": 0.9152542372881356,
    "jogging": 0.9125
  }
}