{
  "dataset": "UCI-HAR-New",
  "num_classes": 12,
  "train": 6213,
  "test": 3162,
  "pure_cnn": 93.52,
  "v1_kd": 93.67,
  "v2_kd": 93.99,
  "v2_vs_v1": 0.32,
  "kd_class_acc": {
    "WALKING": 0.9939516129032258,
    "WALKING_UP": 0.9320594479830149,
    "WALKING_DOWN": 0.9571428571428572,
    "SITTING": 0.8779527559055118,
    "STANDING": 0.9712230215827338,
    "LAYING": 0.9963302752293578,
    "STAND_TO_SIT": 0.8260869565217391,
    "SIT_TO_STAND": 1.0,
    "SIT_TO_LIE": 0.53125,
    "LIE_TO_SIT": 1.0,
    "STAND_TO_LIE": 0.7551020408163265,
    "LIE_TO_STAND": 0.037037037037037035
  }
}