{
  "type_01": 0.88,
  "type_02": 0.4166666666666667,
  "type_03": 0.9854014598540146,
  "type_04": 0.0
}