{
  "type_01": 0.86,
  "type_02": 0.4166666666666667,
  "type_03": 0.9781021897810219,
  "type_04": 0.3333333333333333
}