{
  "左立": 0.9291044776119403,
  "走路": 0.975669099756691,
  "上楼": 0.4413793103448276,
  "下楼": 0.6581632653061225,
  "右立": 0.7111111111111111,
  "站立": 0.8969019807008634
}