{
  "左立": 0.9107587064676617,
  "走路": 0.9732360097323601,
  "上楼": 0.4317241379310345,
  "下楼": 0.7295918367346939,
  "右立": 0.6888888888888889,
  "站立": 0.9106145251396648
}