{
  "左立": 0.9281716417910447,
  "走路": 0.975669099756691,
  "上楼": 0.5048275862068966,
  "下楼": 0.6632653061224489,
  "右立": 0.7333333333333333,
  "站立": 0.8710005078720162
}