{
  "左立": 0.9306592039800995,
  "走路": 0.9720194647201946,
  "上楼": 0.4910344827586207,
  "下楼": 0.7091836734693877,
  "右立": 0.7166666666666667,
  "站立": 0.8770949720670391
}