{
  "Stand": 0.9179664933564413,
  "Sit": 0.9458357600465929,
  "Talk-sit": 0.9233554616777309,
  "Talk-stand": 0.9808027923211169,
  "Stand-sit": 0.9770525242223356,
  "Lay": 0.9365361803084223,
  "Lay-stand": 0.9450686641697877,
  "Pick": 0.9631751227495908,
  "Jump": 0.9842271293375394,
  "Push-up": 0.9762419006479481,
  "Sit-up": 0.948744769874477,
  "Walk": 0.9600515463917526,
  "Walk-backwards": 0.9715302491103203,
  "Walk-circle": 0.9184549356223176,
  "Run": 0.9562043795620438,
  "Stair-up": 0.937984496124031,
  "Stair-down": 0.9654714475431607,
  "Table-tennis": 0.9759615384615384
}