{
  "Stand": 0.9196995956094743,
  "Sit": 0.9388468258590565,
  "Talk-sit": 0.9149064574532287,
  "Talk-stand": 0.9837114601512508,
  "Stand-sit": 0.9811320754716981,
  "Lay": 0.9472123368920522,
  "Lay-stand": 0.9450686641697877,
  "Pick": 0.967266775777414,
  "Jump": 0.9842271293375394,
  "Push-up": 0.9870410367170627,
  "Sit-up": 0.9351464435146444,
  "Walk": 0.9574742268041238,
  "Walk-backwards": 0.9750889679715302,
  "Walk-circle": 0.9098712446351931,
  "Run": 0.9598540145985401,
  "Stair-up": 0.9470284237726099,
  "Stair-down": 0.9614873837981408,
  "Table-tennis": 0.9855769230769231
}