{
  "Stand": 0.9075678798382438,
  "Sit": 0.9213744903902155,
  "Talk-sit": 0.9076644538322269,
  "Talk-stand": 0.9685863874345549,
  "Stand-sit": 0.9765425803161653,
  "Lay": 0.9092526690391459,
  "Lay-stand": 0.9250936329588015,
  "Pick": 0.9549918166939444,
  "Jump": 0.9826498422712934,
  "Push-up": 0.9611231101511879,
  "Sit-up": 0.9382845188284519,
  "Walk": 0.9574742268041238,
  "Walk-backwards": 0.9786476868327402,
  "Walk-circle": 0.8841201716738197,
  "Run": 0.9397810218978102,
  "Stair-up": 0.9431524547803618,
  "Stair-down": 0.9402390438247012,
  "Table-tennis": 0.9807692307692307
}