{
  "Stand": 0.9404968226458694,
  "Sit": 0.9254513686662784,
  "Talk-sit": 0.9179239589619795,
  "Talk-stand": 0.9796393251890634,
  "Stand-sit": 0.9734829168791433,
  "Lay": 0.9549228944246738,
  "Lay-stand": 0.9406991260923845,
  "Pick": 0.9656301145662848,
  "Jump": 0.9826498422712934,
  "Push-up": 0.9740820734341252,
  "Sit-up": 0.9476987447698745,
  "Walk": 0.9600515463917526,
  "Walk-backwards": 0.9786476868327402,
  "Walk-circle": 0.8884120171673819,
  "Run": 0.9671532846715328,
  "Stair-up": 0.9366925064599483,
  "Stair-down": 0.9588313413014609,
  "Table-tennis": 0.9807692307692307
}