{
  "downstairs": 0.9539641943734015,
  "jogging": 0.9950617283950617,
  "sitting": 0.9932950191570882,
  "standing": 0.9915164369034994,
  "upstairs": 0.9744680851063829,
  "walking": 0.9876777251184834
}