{
  "downstairs": 0.974937343358396,
  "jogging": 0.9902912621359223,
  "sitting": 1.0,
  "standing": 1.0,
  "upstairs": 0.964509394572025,
  "walking": 0.9887745556594949
}