{
  "downstairs": 0.9514066496163683,
  "jogging": 0.9925925925925926,
  "sitting": 0.9923371647509579,
  "standing": 0.9883351007423118,
  "upstairs": 0.948936170212766,
  "walking": 0.9895734597156398
}