{
  "downstairs": 0.9724310776942355,
  "jogging": 0.9902912621359223,
  "sitting": 1.0,
  "standing": 1.0,
  "upstairs": 0.9436325678496869,
  "walking": 0.9869036482694107
}