{
  "downstairs": 0.9774436090225563,
  "jogging": 0.9878640776699029,
  "sitting": 1.0,
  "standing": 1.0,
  "upstairs": 0.9561586638830898,
  "walking": 0.9897100093545369
}