{
  "downstairs": 0.9699248120300752,
  "jogging": 0.9902912621359223,
  "sitting": 1.0,
  "standing": 1.0,
  "upstairs": 0.9519832985386222,
  "walking": 0.9897100093545369
}