{
  "downstairs": 0.9744245524296675,
  "jogging": 0.9950617283950617,
  "sitting": 0.9932950191570882,
  "standing": 0.9904559915164369,
  "upstairs": 0.9765957446808511,
  "walking": 0.9914691943127962
}