{
  "downstairs": 0.959079283887468,
  "jogging": 0.9950617283950617,
  "sitting": 0.9923371647509579,
  "standing": 0.9904559915164369,
  "upstairs": 0.9659574468085106,
  "walking": 0.9886255924170616
}