{
  "downstairs": 0.9615384615384616,
  "sitting": 0.956989247311828,
  "standing": 0.9675090252707581,
  "walking": 0.9067796610169492,
  "jogging": 0.875
}