{
  "downstairs": 0.9692307692307692,
  "sitting": 0.96415770609319,
  "standing": 0.9566787003610109,
  "walking": 0.9491525423728814,
  "jogging": 0.95
}