{
  "downstairs": 0.9461538461538461,
  "sitting": 0.9713261648745519,
  "standing": 0.9494584837545126,
  "walking": 0.940677966101695,
  "jogging": 0.9375
}