{
  "downstairs": 0.9538461538461539,
  "sitting": 0.96415770609319,
  "standing": 0.9494584837545126,
  "walking": 0.9491525423728814,
  "jogging": 0.9125
}