{
  "WALKING": 0.9979838709677419,
  "WALKING_UP": 0.9575371549893843,
  "WALKING_DOWN": 0.9738095238095238,
  "SITTING": 0.9212598425196851,
  "STANDING": 0.9586330935251799,
  "LAYING": 1.0,
  "SIT_TO_STAND": 0.782608695652174,
  "STAND_TO_SIT": 0.9,
  "SIT_TO_LIE": 0.75,
  "LIE_TO_SIT": 0.88,
  "STAND_TO_LIE": 0.7142857142857143,
  "LIE_TO_STAND": 0.18518518518518517
}