{
  "WALKING": 0.9919354838709677,
  "WALKING_UP": 0.9745222929936306,
  "WALKING_DOWN": 0.9523809523809523,
  "SITTING": 0.8574338085539714,
  "STANDING": 0.9699248120300752,
  "LAYING": 1.0
}