{
  "WALKING": 1.0,
  "WALKING_UP": 0.9447983014861996,
  "WALKING_DOWN": 0.9666666666666667,
  "SITTING": 0.8920570264765784,
  "STANDING": 0.9642857142857143,
  "LAYING": 1.0
}