{
  "WALKING": 1.0,
  "WALKING_UP": 0.9426751592356688,
  "WALKING_DOWN": 0.9523809523809523,
  "SITTING": 0.905511811023622,
  "STANDING": 0.9658273381294964,
  "LAYING": 1.0,
  "SIT_TO_STAND": 0.782608695652174,
  "STAND_TO_SIT": 0.7,
  "SIT_TO_LIE": 0.6875,
  "LIE_TO_SIT": 0.24,
  "STAND_TO_LIE": 0.7959183673469388,
  "LIE_TO_STAND": 0.7777777777777778
}