{
  "WALKING": 1.0,
  "WALKING_UP": 0.9617834394904459,
  "WALKING_DOWN": 0.9666666666666667,
  "SITTING": 0.8879837067209776,
  "STANDING": 0.9661654135338346,
  "LAYING": 1.0
}