{
  "WALKING": 0.9939516129032258,
  "WALKING_UP": 0.9426751592356688,
  "WALKING_DOWN": 0.9738095238095238,
  "SITTING": 0.8858267716535433,
  "STANDING": 0.9784172661870504,
  "LAYING": 1.0,
  "SIT_TO_STAND": 0.782608695652174,
  "STAND_TO_SIT": 0.8,
  "SIT_TO_LIE": 0.6875,
  "LIE_TO_SIT": 0.6,
  "STAND_TO_LIE": 0.7346938775510204,
  "LIE_TO_STAND": 0.8148148148148148
}