{
  "WALKING": 0.9899193548387096,
  "WALKING_UP": 0.9363057324840764,
  "WALKING_DOWN": 0.9595238095238096,
  "SITTING": 0.8917322834645669,
  "STANDING": 0.9694244604316546,
  "LAYING": 1.0,
  "SIT_TO_STAND": 0.8260869565217391,
  "STAND_TO_SIT": 0.9,
  "SIT_TO_LIE": 0.59375,
  "LIE_TO_SIT": 0.72,
  "STAND_TO_LIE": 0.7959183673469388,
  "LIE_TO_STAND": 0.6666666666666666
}