{
  "WALKING": 1.0,
  "WALKING_UP": 0.9469214437367304,
  "WALKING_DOWN": 0.9619047619047619,
  "SITTING": 0.8879837067209776,
  "STANDING": 0.9642857142857143,
  "LAYING": 1.0
}