{
  "Walking": 0.9946442234123948,
  "Jogging": 0.994291151284491,
  "Upstairs": 0.9428571428571428,
  "Downstairs": 0.945859872611465,
  "Sitting": 0.983957219251337,
  "Standing": 0.9801324503311258
}