{
  "Walking": 0.9923488905891354,
  "Jogging": 0.9933396764985728,
  "Upstairs": 0.9506493506493506,
  "Downstairs": 0.9490445859872612,
  "Sitting": 0.9786096256684492,
  "Standing": 0.9801324503311258
}