{
  "Walking": 0.9946442234123948,
  "Jogging": 0.9971455756422455,
  "Upstairs": 0.9324675324675324,
  "Downstairs": 0.945859872611465,
  "Sitting": 0.9786096256684492,
  "Standing": 0.9867549668874173
}