{
  "Walking": 0.990053557765876,
  "Jogging": 0.994291151284491,
  "Upstairs": 0.9402597402597402,
  "Downstairs": 0.9363057324840764,
  "Sitting": 0.983957219251337,
  "Standing": 0.9801324503311258
}