{
  "dataset": "Gait",
  "num_classes": 4,
  "train": 588,
  "test": 184,
  "pure_cnn": 96.74,
  "cnn_minimax": 98.37,
  "improvement": 1.63,
  "pure_class_acc": {
    "慢速走": 0.8947368421052632,
    "正常走": 0.8,
    "站立": 1.0,
    "活动": 0.0
  },
  "kd_class_acc": {
    "慢速走": 0.9473684210526315,
    "正常走": 1.0,
    "站立": 1.0,
    "活动": 0.0
  }
}