{
  "dataset": "HARTH",
  "num_classes": 6,
  "train": 20000,
  "test": 17678,
  "pure_cnn": 95.73,
  "pure_class_acc": {
    "左立": 0.9240397065170479,
    "走路": 0.859764705882353,
    "上楼": 0.8793103448275862,
    "下楼": 0.803921568627451,
    "右立": 0.9986762272476558,
    "站立": 0.9461847389558233
  }
}