{
  "dataset": "HARTH",
  "num_classes": 6,
  "train": 20000,
  "test": 17678,
  "cnn_minimax": 95.83,
  "kd_class_acc": {
    "左立": 0.9167026327147173,
    "走路": 0.8663529411764705,
    "上楼": 0.8362068965517241,
    "下楼": 0.7941176470588235,
    "右立": 0.9984555984555985,
    "站立": 0.9552878179384203
  }
}